{
  "fonts": {
    "normal": "@fonts/overpass-mono-bold.otf",
    "title": "@fonts/unispace bold italic.ttf"
  },
  "default_font_param": {
    "glyph_width": 64,
    "glyph_height": 64,

    "image_processors": {
      "classname": "ImageProcessorOutline",
      "color": [ 0.0, 0.0, 0.0, 1.0 ],
      "distance": 4
    }
  },
  "colors": {
    "LEVELTITLE": [ 1.0, 0.0, 0.0 ]
  },
  "bitmaps": {
    "CLOCK_ICON": "Timer",
    "DIAMOND_ICON": "Diamond_Icon",
    "PLAYER_ICON": "Player_Icon",
    "KISS": "Kiss"
  }
}