{
  "BEST_SCORE_ID": {

    "format": "[LEFTSCOREICON] %d [RIGHTSCOREICON]",
    "generator_params": {
      "hotpoint": "top",
      "line_height": 60,
      "position": [ 0.0, -20.0 ]
    }
  },



  "INSTRUCTIONS_ID": {
    "generator_params": {
      "line_height": 40

    }
  },

  "LIFE_ID": {
    "format": "[PLAYER_ICON] %d",
    "generator_params": {
      "hotpoint": "top-left",
      "line_height": 50,
      "position": [ 20.0, -20.0 ]
    }
  },

  "DIAMOND_ID": {

    "format": "[DIAMOND_ICON] %02d/%02d",
    "generator_params": {
      "hotpoint": "top-left",
      "line_height": 50,
      "position": [ 180.0, -20.0 ]
    }
  },



  "LEVEL_TIMEOUT_ID": {

    "format": "[CLOCK_ICON] %02.0f",
    "generator_params": {
      "hotpoint": "top-left",
      "line_height": 50,
      "position": [ 460.0, -20.0 ]
    },
    "digit_count": 0
  },









  "SCORE_ID": {

    "format": "[LEFTSCOREICON] %04d [RIGHTSCOREICON]",
    "generator_params": {
      "hotpoint": "bottom",
      "line_height": 100,
      "position": [ 0.0, 20.0 ]
    }

  },
  "LEVEL_TITLE_ID": {

    "generator_params": {
      "hotpoint": "center",
      "alignment": "center",
      "line_height": 100,
      "position": [ 0.0, 0.0 ]
    }
  },

  "TITLE_ID": {

    "generator_params": {
      "alignment": "center",
      "position": [ 0.0, 0.0 ],
      "line_height": 100
    }
  }
}